Region,FE,BR,UNDEFINED,TLB,FP,STALL,UOPS,PRE,INT,L1,L2,L3,L3I,MEM,OFFCORE,RTM
incflo::Advance,0.07532494464194385,1.0,nan,0.08026350605441926,0.09882347439639809,0.0,0.45490483484856414,0.018160949124208486,0.017919890052874598,0.08637392802032706,0.0638105586389492,0.0190128680476992,0.01807244662112411,0.16479714299240336,0.022603225602865946,nan
